image_filename,mask_save_path
311.png,311.png
00086.png,00086.png
200.png,200.png
319.png,319.png
00136.png,00136.png
00127.png,00127.png
00022.png,00022.png
00076.png,00076.png
00294.png,00294.png
194.png,194.png
00013.png,00013.png
236.png,236.png
00122.png,00122.png
00139.png,00139.png
172.png,172.png
00020.png,00020.png
104.png,104.png
19.png,19.png
00055.png,00055.png
134.png,134.png
00248.png,00248.png
00079.png,00079.png
00041.png,00041.png
00005.png,00005.png
4.png,4.png
218.png,218.png
00232.png,00232.png
234.png,234.png
240.png,240.png
43.png,43.png
00260.png,00260.png
00292.png,00292.png
00036.png,00036.png
276.png,276.png
00098.png,00098.png
00280.png,00280.png
271.png,271.png
287.png,287.png
00154.png,00154.png
00262.png,00262.png
00297.png,00297.png
299.png,299.png
00263.png,00263.png
241.png,241.png
00140.png,00140.png
00121.png,00121.png
36.png,36.png
154.png,154.png
00119.png,00119.png
00009.png,00009.png
00151.png,00151.png
182.png,182.png
00268.png,00268.png
56.png,56.png
00264.png,00264.png
214.png,214.png
292.png,292.png
00093.png,00093.png
00052.png,00052.png
333.png,333.png
5.png,5.png
00150.png,00150.png
00138.png,00138.png
251.png,251.png
00256.png,00256.png
147.png,147.png
00275.png,00275.png
335.png,335.png
70.png,70.png
00104.png,00104.png
279.png,279.png
00251.png,00251.png
00230.png,00230.png
296.png,296.png
00060.png,00060.png
334.png,334.png
21.png,21.png
196.png,196.png
20.png,20.png
00156.png,00156.png
00269.png,00269.png
00257.png,00257.png
00126.png,00126.png
00034.png,00034.png
00195.png,00195.png
00290.png,00290.png
00030.png,00030.png
244.png,244.png
238.png,238.png
225.png,225.png
00300.png,00300.png
298.png,298.png
00196.png,00196.png
217.png,217.png
00283.png,00283.png
272.png,272.png
00130.png,00130.png
00174.png,00174.png
97.png,97.png
00193.png,00193.png
266.png,266.png
33.png,33.png
51.png,51.png
159.png,159.png
00267.png,00267.png
165.png,165.png
00227.png,00227.png
176.png,176.png
00274.png,00274.png
286.png,286.png
352.png,352.png
229.png,229.png
00149.png,00149.png
52.png,52.png
75.png,75.png
00204.png,00204.png
00112.png,00112.png
233.png,233.png
164.png,164.png
81.png,81.png
324.png,324.png
00221.png,00221.png
00059.png,00059.png
106.png,106.png
49.png,49.png
00217.png,00217.png
00261.png,00261.png
00053.png,00053.png
107.png,107.png
00029.png,00029.png
00265.png,00265.png
254.png,254.png
00096.png,00096.png
304.png,304.png
170.png,170.png
30.png,30.png
112.png,112.png
00216.png,00216.png
00026.png,00026.png
318.png,318.png
316.png,316.png
00228.png,00228.png
00071.png,00071.png
00206.png,00206.png
00101.png,00101.png
230.png,230.png
328.png,328.png
00270.png,00270.png
303.png,303.png
110.png,110.png
294.png,294.png
00271.png,00271.png
00167.png,00167.png
00047.png,00047.png
72.png,72.png
00155.png,00155.png
00091.png,00091.png
00114.png,00114.png
00197.png,00197.png
317.png,317.png
